month,region,vehicles_registered
2013-01-01,Київ,792
2013-02-01,Київ,1321
2013-03-01,Київ,2232
2013-04-01,Київ,3330
2013-05-01,Київ,2072
2013-06-01,Київ,2266
2013-07-01,Київ,2641
2013-08-01,Київ,3679
2013-09-01,Київ,1710
2013-10-01,Київ,1954
2013-11-01,Київ,2135
2013-12-01,Київ,2168
2014-01-01,Київ,1506
2014-02-01,Київ,1908
2014-03-01,Київ,1373
2014-04-01,Київ,903
2014-05-01,Київ,1631
2014-06-01,Київ,2717
2014-07-01,Київ,2860
2014-08-01,Київ,2475
2014-09-01,Київ,2292
2014-10-01,Київ,2316
2014-11-01,Київ,2347
2014-12-01,Київ,2569
2015-01-01,Київ,1061
2015-02-01,Київ,1128
2015-03-01,Київ,874
2015-04-01,Київ,1515
2015-05-01,Київ,1514
2015-06-01,Київ,1649
2015-07-01,Київ,2195
2015-08-01,Київ,1449
2015-09-01,Київ,1799
2015-10-01,Київ,2038
2015-11-01,Київ,1881
2015-12-01,Київ,2185
2016-01-01,Київ,1269
2016-02-01,Київ,1628
2016-03-01,Київ,2197
2016-04-01,Київ,2540
2016-05-01,Київ,1999
2016-06-01,Київ,2217
2016-07-01,Київ,2534
2016-08-01,Київ,2457
2016-09-01,Київ,2629
2016-10-01,Київ,2602
2016-11-01,Київ,3215
2016-12-01,Київ,3654
2017-01-01,Київ,2153
2017-02-01,Київ,2422
2017-03-01,Київ,3351
2017-04-01,Київ,3237
2017-05-01,Київ,3353
2017-06-01,Київ,3301
2017-07-01,Київ,3446
2017-08-01,Київ,3399
2017-09-01,Київ,3930
2017-10-01,Київ,3562
2017-11-01,Київ,3659
2017-12-01,Київ,4804
2018-01-01,Київ,3221
2018-02-01,Київ,3312
2018-03-01,Київ,4072
2018-04-01,Київ,4128
2018-05-01,Київ,3958
2018-06-01,Київ,4258
2018-07-01,Київ,3988
2018-08-01,Київ,4163
2018-09-01,Київ,1800
2018-10-01,Київ,2150
2018-11-01,Київ,2123
2018-12-01,Київ,2708
2019-01-01,Київ,4174
2019-02-01,Київ,7092
2019-03-01,Київ,4883
2019-04-01,Київ,3090
2019-05-01,Київ,3163
2013-01-01,Львівська,1000
2013-02-01,Львівська,1267
2013-03-01,Львівська,1281
2013-04-01,Львівська,1636
2013-05-01,Львівська,1009
2013-06-01,Львівська,1482
2013-07-01,Львівська,1478
2013-08-01,Львівська,2732
2013-09-01,Львівська,588
2013-10-01,Львівська,263
2013-11-01,Львівська,345
2013-12-01,Львівська,508
2014-01-01,Львівська,165
2014-02-01,Львівська,244
2014-03-01,Львівська,207
2014-04-01,Львівська,198
2014-05-01,Львівська,497
2014-06-01,Львівська,1296
2014-07-01,Львівська,1853
2014-08-01,Львівська,1576
2014-09-01,Львівська,1539
2014-10-01,Львівська,1574
2014-11-01,Львівська,1722
2014-12-01,Львівська,2214
2015-01-01,Львівська,566
2015-02-01,Львівська,764
2015-03-01,Львівська,724
2015-04-01,Львівська,748
2015-05-01,Львівська,804
2015-06-01,Львівська,928
2015-07-01,Львівська,1106
2015-08-01,Львівська,766
2015-09-01,Львівська,1129
2015-10-01,Львівська,1238
2015-11-01,Львівська,859
2015-12-01,Львівська,996
2016-01-01,Львівська,469
2016-02-01,Львівська,727
2016-03-01,Львівська,819
2016-04-01,Львівська,801
2016-05-01,Львівська,417
2016-06-01,Львівська,593
2016-07-01,Львівська,613
2016-08-01,Львівська,801
2016-09-01,Львівська,1130
2016-10-01,Львівська,1319
2016-11-01,Львівська,1514
2016-12-01,Львівська,1697
2017-01-01,Львівська,1060
2017-02-01,Львівська,1318
2017-03-01,Львівська,1884
2017-04-01,Львівська,1792
2017-05-01,Львівська,1807
2017-06-01,Львівська,1717
2017-07-01,Львівська,1952
2017-08-01,Львівська,1793
2017-09-01,Львівська,1931
2017-10-01,Львівська,1910
2017-11-01,Львівська,2016
2017-12-01,Львівська,2045
2018-01-01,Львівська,1670
2018-02-01,Львівська,1766
2018-03-01,Львівська,2277
2018-04-01,Львівська,1814
2018-05-01,Львівська,2152
2018-06-01,Львівська,2500
2018-07-01,Львівська,2541
2018-08-01,Львівська,2510
2018-09-01,Львівська,2133
2018-10-01,Львівська,2401
2018-11-01,Львівська,2108
2018-12-01,Львівська,3949
2019-01-01,Львівська,8470
2019-02-01,Львівська,12205
2019-03-01,Львівська,5863
2019-04-01,Львівська,3444
2019-05-01,Львівська,3526
2013-01-01,Одеська,1861
2013-02-01,Одеська,2219
2013-03-01,Одеська,2506
2013-04-01,Одеська,3012
2013-05-01,Одеська,2088
2013-06-01,Одеська,2862
2013-07-01,Одеська,3229
2013-08-01,Одеська,3882
2013-09-01,Одеська,2250
2013-10-01,Одеська,2655
2013-11-01,Одеська,2288
2013-12-01,Одеська,2081
2014-01-01,Одеська,1523
2014-02-01,Одеська,1530
2014-03-01,Одеська,1343
2014-04-01,Одеська,590
2014-05-01,Одеська,344
2014-06-01,Одеська,796
2014-07-01,Одеська,1097
2014-08-01,Одеська,1015
2014-09-01,Одеська,847
2014-10-01,Одеська,792
2014-11-01,Одеська,739
2014-12-01,Одеська,773
2015-01-01,Одеська,312
2015-02-01,Одеська,366
2015-03-01,Одеська,342
2015-04-01,Одеська,513
2015-05-01,Одеська,505
2015-06-01,Одеська,513
2015-07-01,Одеська,654
2015-08-01,Одеська,539
2015-09-01,Одеська,658
2015-10-01,Одеська,788
2015-11-01,Одеська,646
2015-12-01,Одеська,631
2016-01-01,Одеська,308
2016-02-01,Одеська,605
2016-03-01,Одеська,639
2016-04-01,Одеська,776
2016-05-01,Одеська,423
2016-06-01,Одеська,728
2016-07-01,Одеська,804
2016-08-01,Одеська,729
2016-09-01,Одеська,814
2016-10-01,Одеська,715
2016-11-01,Одеська,998
2016-12-01,Одеська,1064
2017-01-01,Одеська,591
2017-02-01,Одеська,713
2017-03-01,Одеська,1076
2017-04-01,Одеська,1055
2017-05-01,Одеська,1050
2017-06-01,Одеська,1123
2017-07-01,Одеська,1114
2017-08-01,Одеська,1184
2017-09-01,Одеська,1264
2017-10-01,Одеська,1228
2017-11-01,Одеська,1198
2017-12-01,Одеська,1206
2018-01-01,Одеська,950
2018-02-01,Одеська,1063
2018-03-01,Одеська,1182
2018-04-01,Одеська,1359
2018-05-01,Одеська,1514
2018-06-01,Одеська,1464
2018-07-01,Одеська,1639
2018-08-01,Одеська,1647
2018-09-01,Одеська,987
2018-10-01,Одеська,1093
2018-11-01,Одеська,1080
2018-12-01,Одеська,1252
2019-01-01,Одеська,2931
2019-02-01,Одеська,5874
2019-03-01,Одеська,3386
2019-04-01,Одеська,1450
2019-05-01,Одеська,1638
2013-01-01,Дніпропетровська,1305
2013-02-01,Дніпропетровська,1658
2013-03-01,Дніпропетровська,2534
2013-04-01,Дніпропетровська,3419
2013-05-01,Дніпропетровська,2271
2013-06-01,Дніпропетровська,2314
2013-07-01,Дніпропетровська,2872
2013-08-01,Дніпропетровська,4519
2013-09-01,Дніпропетровська,1856
2013-10-01,Дніпропетровська,1853
2013-11-01,Дніпропетровська,1754
2013-12-01,Дніпропетровська,1813
2014-01-01,Дніпропетровська,1168
2014-02-01,Дніпропетровська,1557
2014-03-01,Дніпропетровська,1475
2014-04-01,Дніпропетровська,797
2014-05-01,Дніпропетровська,352
2014-06-01,Дніпропетровська,900
2014-07-01,Дніпропетровська,1534
2014-08-01,Дніпропетровська,1053
2014-09-01,Дніпропетровська,1109
2014-10-01,Дніпропетровська,1364
2014-11-01,Дніпропетровська,1322
2014-12-01,Дніпропетровська,1034
2015-01-01,Дніпропетровська,351
2015-02-01,Дніпропетровська,355
2015-03-01,Дніпропетровська,250
2015-04-01,Дніпропетровська,591
2015-05-01,Дніпропетровська,556
2015-06-01,Дніпропетровська,556
2015-07-01,Дніпропетровська,694
2015-08-01,Дніпропетровська,419
2015-09-01,Дніпропетровська,662
2015-10-01,Дніпропетровська,753
2015-11-01,Дніпропетровська,658
2015-12-01,Дніпропетровська,584
2016-01-01,Дніпропетровська,507
2016-02-01,Дніпропетровська,705
2016-03-01,Дніпропетровська,823
2016-04-01,Дніпропетровська,878
2016-05-01,Дніпропетровська,555
2016-06-01,Дніпропетровська,745
2016-07-01,Дніпропетровська,921
2016-08-01,Дніпропетровська,839
2016-09-01,Дніпропетровська,863
2016-10-01,Дніпропетровська,914
2016-11-01,Дніпропетровська,1162
2016-12-01,Дніпропетровська,998
2017-01-01,Дніпропетровська,672
2017-02-01,Дніпропетровська,808
2017-03-01,Дніпропетровська,1314
2017-04-01,Дніпропетровська,1307
2017-05-01,Дніпропетровська,1114
2017-06-01,Дніпропетровська,1210
2017-07-01,Дніпропетровська,1213
2017-08-01,Дніпропетровська,1194
2017-09-01,Дніпропетровська,1386
2017-10-01,Дніпропетровська,1361
2017-11-01,Дніпропетровська,1381
2017-12-01,Дніпропетровська,1350
2018-01-01,Дніпропетровська,952
2018-02-01,Дніпропетровська,1104
2018-03-01,Дніпропетровська,1166
2018-04-01,Дніпропетровська,1439
2018-05-01,Дніпропетровська,1611
2018-06-01,Дніпропетровська,1481
2018-07-01,Дніпропетровська,1623
2018-08-01,Дніпропетровська,1511
2018-09-01,Дніпропетровська,829
2018-10-01,Дніпропетровська,893
2018-11-01,Дніпропетровська,957
2018-12-01,Дніпропетровська,1258
2019-01-01,Дніпропетровська,2078
2019-02-01,Дніпропетровська,3199
2019-03-01,Дніпропетровська,2649
2019-04-01,Дніпропетровська,1620
2019-05-01,Дніпропетровська,1766
2013-01-01,Волинська,794
2013-02-01,Волинська,973
2013-03-01,Волинська,1253
2013-04-01,Волинська,1444
2013-05-01,Волинська,1323
2013-06-01,Волинська,1385
2013-07-01,Волинська,1555
2013-08-01,Волинська,3336
2013-09-01,Волинська,1304
2013-10-01,Волинська,422
2013-11-01,Волинська,441
2013-12-01,Волинська,1187
2014-01-01,Волинська,325
2014-02-01,Волинська,494
2014-03-01,Волинська,395
2014-04-01,Волинська,294
2014-05-01,Волинська,379
2014-06-01,Волинська,819
2014-07-01,Волинська,1317
2014-08-01,Волинська,1320
2014-09-01,Волинська,1093
2014-10-01,Волинська,1356
2014-11-01,Волинська,1192
2014-12-01,Волинська,2454
2015-01-01,Волинська,385
2015-02-01,Волинська,566
2015-03-01,Волинська,404
2015-04-01,Волинська,375
2015-05-01,Волинська,504
2015-06-01,Волинська,498
2015-07-01,Волинська,702
2015-08-01,Волинська,537
2015-09-01,Волинська,502
2015-10-01,Волинська,623
2015-11-01,Волинська,460
2015-12-01,Волинська,1474
2016-01-01,Волинська,391
2016-02-01,Волинська,460
2016-03-01,Волинська,473
2016-04-01,Волинська,411
2016-05-01,Волинська,283
2016-06-01,Волинська,324
2016-07-01,Волинська,393
2016-08-01,Волинська,539
2016-09-01,Волинська,584
2016-10-01,Волинська,639
2016-11-01,Волинська,817
2016-12-01,Волинська,718
2017-01-01,Волинська,416
2017-02-01,Волинська,633
2017-03-01,Волинська,756
2017-04-01,Волинська,796
2017-05-01,Волинська,920
2017-06-01,Волинська,934
2017-07-01,Волинська,988
2017-08-01,Волинська,1101
2017-09-01,Волинська,1137
2017-10-01,Волинська,1140
2017-11-01,Волинська,1142
2017-12-01,Волинська,992
2018-01-01,Волинська,943
2018-02-01,Волинська,975
2018-03-01,Волинська,1247
2018-04-01,Волинська,1120
2018-05-01,Волинська,1389
2018-06-01,Волинська,1376
2018-07-01,Волинська,1631
2018-08-01,Волинська,1720
2018-09-01,Волинська,1440
2018-10-01,Волинська,1587
2018-11-01,Волинська,1497
2018-12-01,Волинська,3216
2019-01-01,Волинська,5997
2019-02-01,Волинська,8082
2019-03-01,Волинська,3122
2019-04-01,Волинська,1608
2019-05-01,Волинська,1672
2013-01-01,Київська,638
2013-02-01,Київська,760
2013-03-01,Київська,1143
2013-04-01,Київська,1881
2013-05-01,Київська,1367
2013-06-01,Київська,1463
2013-07-01,Київська,1730
2013-08-01,Київська,2355
2013-09-01,Київська,995
2013-10-01,Київська,955
2013-11-01,Київська,885
2013-12-01,Київська,978
2014-01-01,Київська,563
2014-02-01,Київська,796
2014-03-01,Київська,767
2014-04-01,Київська,363
2014-05-01,Київська,541
2014-06-01,Київська,1064
2014-07-01,Київська,1419
2014-08-01,Київська,1161
2014-09-01,Київська,915
2014-10-01,Київська,971
2014-11-01,Київська,878
2014-12-01,Київська,1074
2015-01-01,Київська,485
2015-02-01,Київська,550
2015-03-01,Київська,526
2015-04-01,Київська,590
2015-05-01,Київська,604
2015-06-01,Київська,541
2015-07-01,Київська,625
2015-08-01,Київська,454
2015-09-01,Київська,563
2015-10-01,Київська,616
2015-11-01,Київська,571
2015-12-01,Київська,594
2016-01-01,Київська,398
2016-02-01,Київська,510
2016-03-01,Київська,744
2016-04-01,Київська,677
2016-05-01,Київська,516
2016-06-01,Київська,693
2016-07-01,Київська,734
2016-08-01,Київська,686
2016-09-01,Київська,855
2016-10-01,Київська,759
2016-11-01,Київська,1029
2016-12-01,Київська,953
2017-01-01,Київська,673
2017-02-01,Київська,766
2017-03-01,Київська,1136
2017-04-01,Київська,1037
2017-05-01,Київська,1008
2017-06-01,Київська,1115
2017-07-01,Київська,1182
2017-08-01,Київська,1056
2017-09-01,Київська,1132
2017-10-01,Київська,1107
2017-11-01,Київська,1097
2017-12-01,Київська,1037
2018-01-01,Київська,898
2018-02-01,Київська,1094
2018-03-01,Київська,1088
2018-04-01,Київська,1161
2018-05-01,Київська,1316
2018-06-01,Київська,1408
2018-07-01,Київська,1518
2018-08-01,Київська,1484
2018-09-01,Київська,913
2018-10-01,Київська,926
2018-11-01,Київська,901
2018-12-01,Київська,1440
2019-01-01,Київська,3463
2019-02-01,Київська,5886
2019-03-01,Київська,3472
2019-04-01,Київська,1921
2019-05-01,Київська,2076
2013-01-01,Рівненська,698
2013-02-01,Рівненська,965
2013-03-01,Рівненська,1061
2013-04-01,Рівненська,1339
2013-05-01,Рівненська,1093
2013-06-01,Рівненська,1337
2013-07-01,Рівненська,1267
2013-08-01,Рівненська,2174
2013-09-01,Рівненська,382
2013-10-01,Рівненська,374
2013-11-01,Рівненська,339
2013-12-01,Рівненська,539
2014-01-01,Рівненська,247
2014-02-01,Рівненська,286
2014-03-01,Рівненська,376
2014-04-01,Рівненська,212
2014-05-01,Рівненська,809
2014-06-01,Рівненська,1716
2014-07-01,Рівненська,2025
2014-08-01,Рівненська,1886
2014-09-01,Рівненська,1606
2014-10-01,Рівненська,1998
2014-11-01,Рівненська,2100
2014-12-01,Рівненська,2462
2015-01-01,Рівненська,393
2015-02-01,Рівненська,441
2015-03-01,Рівненська,364
2015-04-01,Рівненська,405
2015-05-01,Рівненська,587
2015-06-01,Рівненська,551
2015-07-01,Рівненська,623
2015-08-01,Рівненська,567
2015-09-01,Рівненська,823
2015-10-01,Рівненська,907
2015-11-01,Рівненська,700
2015-12-01,Рівненська,601
2016-01-01,Рівненська,379
2016-02-01,Рівненська,521
2016-03-01,Рівненська,503
2016-04-01,Рівненська,479
2016-05-01,Рівненська,432
2016-06-01,Рівненська,463
2016-07-01,Рівненська,513
2016-08-01,Рівненська,428
2016-09-01,Рівненська,522
2016-10-01,Рівненська,564
2016-11-01,Рівненська,671
2016-12-01,Рівненська,687
2017-01-01,Рівненська,413
2017-02-01,Рівненська,554
2017-03-01,Рівненська,812
2017-04-01,Рівненська,853
2017-05-01,Рівненська,928
2017-06-01,Рівненська,910
2017-07-01,Рівненська,992
2017-08-01,Рівненська,950
2017-09-01,Рівненська,954
2017-10-01,Рівненська,892
2017-11-01,Рівненська,960
2017-12-01,Рівненська,815
2018-01-01,Рівненська,747
2018-02-01,Рівненська,777
2018-03-01,Рівненська,1067
2018-04-01,Рівненська,1010
2018-05-01,Рівненська,1255
2018-06-01,Рівненська,1435
2018-07-01,Рівненська,1460
2018-08-01,Рівненська,1516
2018-09-01,Рівненська,1115
2018-10-01,Рівненська,1221
2018-11-01,Рівненська,1209
2018-12-01,Рівненська,1779
2019-01-01,Рівненська,3485
2019-02-01,Рівненська,5480
2019-03-01,Рівненська,2091
2019-04-01,Рівненська,1652
2019-05-01,Рівненська,1920
2013-01-01,Івано-Франківська,1064
2013-02-01,Івано-Франківська,1137
2013-03-01,Івано-Франківська,1328
2013-04-01,Івано-Франківська,1763
2013-05-01,Івано-Франківська,992
2013-06-01,Івано-Франківська,1628
2013-07-01,Івано-Франківська,1651
2013-08-01,Івано-Франківська,2745
2013-09-01,Івано-Франківська,473
2013-10-01,Івано-Франківська,408
2013-11-01,Івано-Франківська,481
2013-12-01,Івано-Франківська,690
2014-01-01,Івано-Франківська,281
2014-02-01,Івано-Франківська,368
2014-03-01,Івано-Франківська,358
2014-04-01,Івано-Франківська,386
2014-05-01,Івано-Франківська,121
2014-06-01,Івано-Франківська,1071
2014-07-01,Івано-Франківська,1541
2014-08-01,Івано-Франківська,1251
2014-09-01,Івано-Франківська,1067
2014-10-01,Івано-Франківська,1175
2014-11-01,Івано-Франківська,1074
2014-12-01,Івано-Франківська,1352
2015-01-01,Івано-Франківська,293
2015-02-01,Івано-Франківська,422
2015-03-01,Івано-Франківська,362
2015-04-01,Івано-Франківська,414
2015-05-01,Івано-Франківська,449
2015-06-01,Івано-Франківська,532
2015-07-01,Івано-Франківська,596
2015-08-01,Івано-Франківська,328
2015-09-01,Івано-Франківська,528
2015-10-01,Івано-Франківська,745
2015-11-01,Івано-Франківська,475
2015-12-01,Івано-Франківська,566
2016-01-01,Івано-Франківська,284
2016-02-01,Івано-Франківська,561
2016-03-01,Івано-Франківська,553
2016-04-01,Івано-Франківська,497
2016-05-01,Івано-Франківська,235
2016-06-01,Івано-Франківська,278
2016-07-01,Івано-Франківська,315
2016-08-01,Івано-Франківська,337
2016-09-01,Івано-Франківська,526
2016-10-01,Івано-Франківська,671
2016-11-01,Івано-Франківська,725
2016-12-01,Івано-Франківська,807
2017-01-01,Івано-Франківська,603
2017-02-01,Івано-Франківська,661
2017-03-01,Івано-Франківська,858
2017-04-01,Івано-Франківська,866
2017-05-01,Івано-Франківська,800
2017-06-01,Івано-Франківська,946
2017-07-01,Івано-Франківська,898
2017-08-01,Івано-Франківська,982
2017-09-01,Івано-Франківська,916
2017-10-01,Івано-Франківська,884
2017-11-01,Івано-Франківська,1041
2017-12-01,Івано-Франківська,990
2018-01-01,Івано-Франківська,821
2018-02-01,Івано-Франківська,912
2018-03-01,Івано-Франківська,1042
2018-04-01,Івано-Франківська,861
2018-05-01,Івано-Франківська,1126
2018-06-01,Івано-Франківська,1272
2018-07-01,Івано-Франківська,1396
2018-08-01,Івано-Франківська,1457
2018-09-01,Івано-Франківська,1244
2018-10-01,Івано-Франківська,1371
2018-11-01,Івано-Франківська,1190
2018-12-01,Івано-Франківська,1380
2019-01-01,Івано-Франківська,3252
2019-02-01,Івано-Франківська,5483
2019-03-01,Івано-Франківська,3409
2019-04-01,Івано-Франківська,1878
2019-05-01,Івано-Франківська,2069
2013-01-01,Вінницька,837
2013-02-01,Вінницька,1009
2013-03-01,Вінницька,1363
2013-04-01,Вінницька,1812
2013-05-01,Вінницька,1428
2013-06-01,Вінницька,1501
2013-07-01,Вінницька,1842
2013-08-01,Вінницька,3035
2013-09-01,Вінницька,696
2013-10-01,Вінницька,658
2013-11-01,Вінницька,599
2013-12-01,Вінницька,885
2014-01-01,Вінницька,412
2014-02-01,Вінницька,454
2014-03-01,Вінницька,539
2014-04-01,Вінницька,450
2014-05-01,Вінницька,288
2014-06-01,Вінницька,550
2014-07-01,Вінницька,928
2014-08-01,Вінницька,973
2014-09-01,Вінницька,675
2014-10-01,Вінницька,703
2014-11-01,Вінницька,807
2014-12-01,Вінницька,1027
2015-01-01,Вінницька,294
2015-02-01,Вінницька,307
2015-03-01,Вінницька,304
2015-04-01,Вінницька,332
2015-05-01,Вінницька,341
2015-06-01,Вінницька,295
2015-07-01,Вінницька,400
2015-08-01,Вінницька,374
2015-09-01,Вінницька,465
2015-10-01,Вінницька,473
2015-11-01,Вінницька,338
2015-12-01,Вінницька,688
2016-01-01,Вінницька,258
2016-02-01,Вінницька,282
2016-03-01,Вінницька,484
2016-04-01,Вінницька,408
2016-05-01,Вінницька,270
2016-06-01,Вінницька,331
2016-07-01,Вінницька,383
2016-08-01,Вінницька,453
2016-09-01,Вінницька,537
2016-10-01,Вінницька,531
2016-11-01,Вінницька,628
2016-12-01,Вінницька,599
2017-01-01,Вінницька,419
2017-02-01,Вінницька,470
2017-03-01,Вінницька,748
2017-04-01,Вінницька,784
2017-05-01,Вінницька,734
2017-06-01,Вінницька,736
2017-07-01,Вінницька,724
2017-08-01,Вінницька,762
2017-09-01,Вінницька,765
2017-10-01,Вінницька,735
2017-11-01,Вінницька,702
2017-12-01,Вінницька,761
2018-01-01,Вінницька,671
2018-02-01,Вінницька,680
2018-03-01,Вінницька,743
2018-04-01,Вінницька,790
2018-05-01,Вінницька,965
2018-06-01,Вінницька,1003
2018-07-01,Вінницька,1072
2018-08-01,Вінницька,1071
2018-09-01,Вінницька,706
2018-10-01,Вінницька,758
2018-11-01,Вінницька,760
2018-12-01,Вінницька,1053
2019-01-01,Вінницька,2702
2019-02-01,Вінницька,5000
2019-03-01,Вінницька,3159
2019-04-01,Вінницька,1570
2019-05-01,Вінницька,1751
2013-01-01,Харківська,102
2013-02-01,Харківська,103
2013-03-01,Харківська,102
2013-04-01,Харківська,204
2013-05-01,Харківська,143
2013-06-01,Харківська,139
2013-07-01,Харківська,181
2013-08-01,Харківська,355
2013-09-01,Харківська,133
2013-10-01,Харківська,122
2013-11-01,Харківська,130
2013-12-01,Харківська,181
2014-01-01,Харківська,102
2014-02-01,Харківська,124
2014-03-01,Харківська,72
2014-04-01,Харківська,85
2014-05-01,Харківська,374
2014-06-01,Харківська,713
2014-07-01,Харківська,1079
2014-08-01,Харківська,936
2014-09-01,Харківська,854
2014-10-01,Харківська,897
2014-11-01,Харківська,854
2014-12-01,Харківська,988
2015-01-01,Харківська,389
2015-02-01,Харківська,435
2015-03-01,Харківська,352
2015-04-01,Харківська,456
2015-05-01,Харківська,439
2015-06-01,Харківська,519
2015-07-01,Харківська,718
2015-08-01,Харківська,448
2015-09-01,Харківська,637
2015-10-01,Харківська,650
2015-11-01,Харківська,629
2015-12-01,Харківська,598
2016-01-01,Харківська,385
2016-02-01,Харківська,567
2016-03-01,Харківська,738
2016-04-01,Харківська,818
2016-05-01,Харківська,535
2016-06-01,Харківська,693
2016-07-01,Харківська,717
2016-08-01,Харківська,721
2016-09-01,Харківська,878
2016-10-01,Харківська,817
2016-11-01,Харківська,1009
2016-12-01,Харківська,1011
2017-01-01,Харківська,569
2017-02-01,Харківська,751
2017-03-01,Харківська,1096
2017-04-01,Харківська,1210
2017-05-01,Харківська,1155
2017-06-01,Харківська,1259
2017-07-01,Харківська,1256
2017-08-01,Харківська,1174
2017-09-01,Харківська,1248
2017-10-01,Харківська,1261
2017-11-01,Харківська,1259
2017-12-01,Харківська,1186
2018-01-01,Харківська,1039
2018-02-01,Харківська,947
2018-03-01,Харківська,1047
2018-04-01,Харківська,1281
2018-05-01,Харківська,1516
2018-06-01,Харківська,1415
2018-07-01,Харківська,1484
2018-08-01,Харківська,1385
2018-09-01,Харківська,839
2018-10-01,Харківська,912
2018-11-01,Харківська,814
2018-12-01,Харківська,1025
2019-01-01,Харківська,1832
2019-02-01,Харківська,3016
2019-03-01,Харківська,2996
2019-04-01,Харківська,1493
2019-05-01,Харківська,1604
2013-01-01,Донецька,1213
2013-02-01,Донецька,1341
2013-03-01,Донецька,2204
2013-04-01,Донецька,2718
2013-05-01,Донецька,1705
2013-06-01,Донецька,2089
2013-07-01,Донецька,2086
2013-08-01,Донецька,2796
2013-09-01,Донецька,1445
2013-10-01,Донецька,1670
2013-11-01,Донецька,1618
2013-12-01,Донецька,1428
2014-01-01,Донецька,989
2014-02-01,Донецька,1290
2014-03-01,Донецька,1194
2014-04-01,Донецька,1148
2014-05-01,Донецька,152
2014-06-01,Донецька,279
2014-07-01,Донецька,230
2014-08-01,Донецька,340
2014-09-01,Донецька,644
2014-10-01,Донецька,677
2014-11-01,Донецька,520
2014-12-01,Донецька,513
2015-01-01,Донецька,254
2015-02-01,Донецька,326
2015-03-01,Донецька,193
2015-04-01,Донецька,340
2015-05-01,Донецька,423
2015-06-01,Донецька,307
2015-07-01,Донецька,411
2015-08-01,Донецька,259
2015-09-01,Донецька,307
2015-10-01,Донецька,480
2015-11-01,Донецька,316
2015-12-01,Донецька,261
2016-01-01,Донецька,231
2016-02-01,Донецька,300
2016-03-01,Донецька,331
2016-04-01,Донецька,358
2016-05-01,Донецька,300
2016-06-01,Донецька,355
2016-07-01,Донецька,364
2016-08-01,Донецька,386
2016-09-01,Донецька,388
2016-10-01,Донецька,333
2016-11-01,Донецька,390
2016-12-01,Донецька,376
2017-01-01,Донецька,232
2017-02-01,Донецька,229
2017-03-01,Донецька,554
2017-04-01,Донецька,543
2017-05-01,Донецька,637
2017-06-01,Донецька,722
2017-07-01,Донецька,467
2017-08-01,Донецька,816
2017-09-01,Донецька,638
2017-10-01,Донецька,507
2017-11-01,Донецька,474
2017-12-01,Донецька,491
2018-01-01,Донецька,359
2018-02-01,Донецька,411
2018-03-01,Донецька,492
2018-04-01,Донецька,708
2018-05-01,Донецька,917
2018-06-01,Донецька,889
2018-07-01,Донецька,858
2018-08-01,Донецька,763
2018-09-01,Донецька,452
2018-10-01,Донецька,477
2018-11-01,Донецька,383
2018-12-01,Донецька,382
2019-01-01,Донецька,481
2019-02-01,Донецька,968
2019-03-01,Донецька,877
2019-04-01,Донецька,654
2019-05-01,Донецька,748
2013-01-01,Полтавська,473
2013-02-01,Полтавська,531
2013-03-01,Полтавська,793
2013-04-01,Полтавська,1197
2013-05-01,Полтавська,838
2013-06-01,Полтавська,911
2013-07-01,Полтавська,999
2013-08-01,Полтавська,1446
2013-09-01,Полтавська,532
2013-10-01,Полтавська,672
2013-11-01,Полтавська,677
2013-12-01,Полтавська,618
2014-01-01,Полтавська,437
2014-02-01,Полтавська,589
2014-03-01,Полтавська,611
2014-04-01,Полтавська,473
2014-05-01,Полтавська,133
2014-06-01,Полтавська,328
2014-07-01,Полтавська,609
2014-08-01,Полтавська,757
2014-09-01,Полтавська,563
2014-10-01,Полтавська,558
2014-11-01,Полтавська,627
2014-12-01,Полтавська,611
2015-01-01,Полтавська,267
2015-02-01,Полтавська,306
2015-03-01,Полтавська,238
2015-04-01,Полтавська,316
2015-05-01,Полтавська,366
2015-06-01,Полтавська,272
2015-07-01,Полтавська,311
2015-08-01,Полтавська,242
2015-09-01,Полтавська,415
2015-10-01,Полтавська,553
2015-11-01,Полтавська,349
2015-12-01,Полтавська,443
2016-01-01,Полтавська,332
2016-02-01,Полтавська,422
2016-03-01,Полтавська,499
2016-04-01,Полтавська,509
2016-05-01,Полтавська,329
2016-06-01,Полтавська,355
2016-07-01,Полтавська,392
2016-08-01,Полтавська,447
2016-09-01,Полтавська,566
2016-10-01,Полтавська,547
2016-11-01,Полтавська,713
2016-12-01,Полтавська,619
2017-01-01,Полтавська,395
2017-02-01,Полтавська,445
2017-03-01,Полтавська,783
2017-04-01,Полтавська,808
2017-05-01,Полтавська,797
2017-06-01,Полтавська,818
2017-07-01,Полтавська,1002
2017-08-01,Полтавська,1138
2017-09-01,Полтавська,1164
2017-10-01,Полтавська,775
2017-11-01,Полтавська,822
2017-12-01,Полтавська,769
2018-01-01,Полтавська,570
2018-02-01,Полтавська,532
2018-03-01,Полтавська,598
2018-04-01,Полтавська,907
2018-05-01,Полтавська,1280
2018-06-01,Полтавська,1432
2018-07-01,Полтавська,1312
2018-08-01,Полтавська,1065
2018-09-01,Полтавська,663
2018-10-01,Полтавська,768
2018-11-01,Полтавська,652
2018-12-01,Полтавська,635
2019-01-01,Полтавська,1334
2019-02-01,Полтавська,1995
2019-03-01,Полтавська,1574
2019-04-01,Полтавська,1030
2019-05-01,Полтавська,1304
2013-01-01,Житомирська,601
2013-02-01,Житомирська,710
2013-03-01,Житомирська,807
2013-04-01,Житомирська,1245
2013-05-01,Житомирська,890
2013-06-01,Житомирська,1278
2013-07-01,Житомирська,1294
2013-08-01,Житомирська,2412
2013-09-01,Житомирська,401
2013-10-01,Житомирська,343
2013-11-01,Житомирська,392
2013-12-01,Житомирська,678
2014-01-01,Житомирська,246
2014-02-01,Житомирська,325
2014-03-01,Житомирська,294
2014-04-01,Житомирська,357
2014-05-01,Житомирська,269
2014-06-01,Житомирська,568
2014-07-01,Житомирська,726
2014-08-01,Житомирська,876
2014-09-01,Житомирська,690
2014-10-01,Житомирська,788
2014-11-01,Житомирська,685
2014-12-01,Житомирська,1190
2015-01-01,Житомирська,209
2015-02-01,Житомирська,273
2015-03-01,Житомирська,196
2015-04-01,Житомирська,249
2015-05-01,Житомирська,273
2015-06-01,Житомирська,284
2015-07-01,Житомирська,322
2015-08-01,Житомирська,210
2015-09-01,Житомирська,268
2015-10-01,Житомирська,371
2015-11-01,Житомирська,312
2015-12-01,Житомирська,343
2016-01-01,Житомирська,236
2016-02-01,Житомирська,308
2016-03-01,Житомирська,371
2016-04-01,Житомирська,335
2016-05-01,Житомирська,210
2016-06-01,Житомирська,224
2016-07-01,Житомирська,298
2016-08-01,Житомирська,293
2016-09-01,Житомирська,388
2016-10-01,Житомирська,408
2016-11-01,Житомирська,519
2016-12-01,Житомирська,496
2017-01-01,Житомирська,271
2017-02-01,Житомирська,361
2017-03-01,Житомирська,531
2017-04-01,Житомирська,518
2017-05-01,Житомирська,585
2017-06-01,Житомирська,617
2017-07-01,Житомирська,609
2017-08-01,Житомирська,638
2017-09-01,Житомирська,635
2017-10-01,Житомирська,596
2017-11-01,Житомирська,649
2017-12-01,Житомирська,616
2018-01-01,Житомирська,498
2018-02-01,Житомирська,546
2018-03-01,Житомирська,611
2018-04-01,Житомирська,685
2018-05-01,Житомирська,832
2018-06-01,Житомирська,863
2018-07-01,Житомирська,935
2018-08-01,Житомирська,1020
2018-09-01,Житомирська,661
2018-10-01,Житомирська,703
2018-11-01,Житомирська,656
2018-12-01,Житомирська,917
2019-01-01,Житомирська,1970
2019-02-01,Житомирська,3086
2019-03-01,Житомирська,2115
2019-04-01,Житомирська,1277
2019-05-01,Житомирська,1395
2013-01-01,Тернопільська,289
2013-02-01,Тернопільська,331
2013-03-01,Тернопільська,449
2013-04-01,Тернопільська,735
2013-05-01,Тернопільська,477
2013-06-01,Тернопільська,517
2013-07-01,Тернопільська,742
2013-08-01,Тернопільська,1371
2013-09-01,Тернопільська,421
2013-10-01,Тернопільська,446
2013-11-01,Тернопільська,371
2013-12-01,Тернопільська,432
2014-01-01,Тернопільська,212
2014-02-01,Тернопільська,298
2014-03-01,Тернопільська,360
2014-04-01,Тернопільська,320
2014-05-01,Тернопільська,290
2014-06-01,Тернопільська,618
2014-07-01,Тернопільська,875
2014-08-01,Тернопільська,673
2014-09-01,Тернопільська,568
2014-10-01,Тернопільська,653
2014-11-01,Тернопільська,627
2014-12-01,Тернопільська,948
2015-01-01,Тернопільська,219
2015-02-01,Тернопільська,248
2015-03-01,Тернопільська,188
2015-04-01,Тернопільська,200
2015-05-01,Тернопільська,219
2015-06-01,Тернопільська,231
2015-07-01,Тернопільська,365
2015-08-01,Тернопільська,232
2015-09-01,Тернопільська,319
2015-10-01,Тернопільська,301
2015-11-01,Тернопільська,237
2015-12-01,Тернопільська,249
2016-01-01,Тернопільська,225
2016-02-01,Тернопільська,211
2016-03-01,Тернопільська,240
2016-04-01,Тернопільська,274
2016-05-01,Тернопільська,157
2016-06-01,Тернопільська,167
2016-07-01,Тернопільська,285
2016-08-01,Тернопільська,281
2016-09-01,Тернопільська,358
2016-10-01,Тернопільська,393
2016-11-01,Тернопільська,425
2016-12-01,Тернопільська,478
2017-01-01,Тернопільська,300
2017-02-01,Тернопільська,369
2017-03-01,Тернопільська,625
2017-04-01,Тернопільська,595
2017-05-01,Тернопільська,544
2017-06-01,Тернопільська,563
2017-07-01,Тернопільська,583
2017-08-01,Тернопільська,564
2017-09-01,Тернопільська,521
2017-10-01,Тернопільська,585
2017-11-01,Тернопільська,478
2017-12-01,Тернопільська,578
2018-01-01,Тернопільська,479
2018-02-01,Тернопільська,493
2018-03-01,Тернопільська,586
2018-04-01,Тернопільська,550
2018-05-01,Тернопільська,722
2018-06-01,Тернопільська,837
2018-07-01,Тернопільська,871
2018-08-01,Тернопільська,863
2018-09-01,Тернопільська,636
2018-10-01,Тернопільська,824
2018-11-01,Тернопільська,801
2018-12-01,Тернопільська,1041
2019-01-01,Тернопільська,2115
2019-02-01,Тернопільська,3802
2019-03-01,Тернопільська,2067
2019-04-01,Тернопільська,1266
2019-05-01,Тернопільська,1366
2013-01-01,Чернівецька,525
2013-02-01,Чернівецька,660
2013-03-01,Чернівецька,661
2013-04-01,Чернівецька,816
2013-05-01,Чернівецька,729
2013-06-01,Чернівецька,785
2013-07-01,Чернівецька,876
2013-08-01,Чернівецька,1649
2013-09-01,Чернівецька,167
2013-10-01,Чернівецька,124
2013-11-01,Чернівецька,117
2013-12-01,Чернівецька,213
2014-01-01,Чернівецька,99
2014-02-01,Чернівецька,106
2014-03-01,Чернівецька,94
2014-04-01,Чернівецька,93
2014-05-01,Чернівецька,278
2014-06-01,Чернівецька,798
2014-07-01,Чернівецька,1025
2014-08-01,Чернівецька,743
2014-09-01,Чернівецька,764
2014-10-01,Чернівецька,906
2014-11-01,Чернівецька,765
2014-12-01,Чернівецька,1019
2015-01-01,Чернівецька,201
2015-02-01,Чернівецька,280
2015-03-01,Чернівецька,229
2015-04-01,Чернівецька,264
2015-05-01,Чернівецька,256
2015-06-01,Чернівецька,329
2015-07-01,Чернівецька,449
2015-08-01,Чернівецька,244
2015-09-01,Чернівецька,246
2015-10-01,Чернівецька,374
2015-11-01,Чернівецька,311
2015-12-01,Чернівецька,231
2016-01-01,Чернівецька,269
2016-02-01,Чернівецька,292
2016-03-01,Чернівецька,304
2016-04-01,Чернівецька,287
2016-05-01,Чернівецька,167
2016-06-01,Чернівецька,184
2016-07-01,Чернівецька,205
2016-08-01,Чернівецька,250
2016-09-01,Чернівецька,283
2016-10-01,Чернівецька,326
2016-11-01,Чернівецька,344
2016-12-01,Чернівецька,329
2017-01-01,Чернівецька,194
2017-02-01,Чернівецька,217
2017-03-01,Чернівецька,357
2017-04-01,Чернівецька,314
2017-05-01,Чернівецька,346
2017-06-01,Чернівецька,350
2017-07-01,Чернівецька,311
2017-08-01,Чернівецька,381
2017-09-01,Чернівецька,408
2017-10-01,Чернівецька,367
2017-11-01,Чернівецька,379
2017-12-01,Чернівецька,401
2018-01-01,Чернівецька,290
2018-02-01,Чернівецька,322
2018-03-01,Чернівецька,360
2018-04-01,Чернівецька,435
2018-05-01,Чернівецька,523
2018-06-01,Чернівецька,507
2018-07-01,Чернівецька,550
2018-08-01,Чернівецька,611
2018-09-01,Чернівецька,411
2018-10-01,Чернівецька,418
2018-11-01,Чернівецька,421
2018-12-01,Чернівецька,1522
2019-01-01,Чернівецька,3104
2019-02-01,Чернівецька,5184
2019-03-01,Чернівецька,3126
2019-04-01,Чернівецька,1073
2019-05-01,Чернівецька,1052
2013-01-01,Хмельницька,154
2013-02-01,Хмельницька,214
2013-03-01,Хмельницька,229
2013-04-01,Хмельницька,311
2013-05-01,Хмельницька,274
2013-06-01,Хмельницька,274
2013-07-01,Хмельницька,318
2013-08-01,Хмельницька,641
2013-09-01,Хмельницька,313
2013-10-01,Хмельницька,138
2013-11-01,Хмельницька,175
2013-12-01,Хмельницька,177
2014-01-01,Хмельницька,111
2014-02-01,Хмельницька,94
2014-03-01,Хмельницька,200
2014-04-01,Хмельницька,160
2014-05-01,Хмельницька,250
2014-06-01,Хмельницька,537
2014-07-01,Хмельницька,1114
2014-08-01,Хмельницька,820
2014-09-01,Хмельницька,697
2014-10-01,Хмельницька,717
2014-11-01,Хмельницька,673
2014-12-01,Хмельницька,1022
2015-01-01,Хмельницька,218
2015-02-01,Хмельницька,257
2015-03-01,Хмельницька,186
2015-04-01,Хмельницька,278
2015-05-01,Хмельницька,270
2015-06-01,Хмельницька,288
2015-07-01,Хмельницька,341
2015-08-01,Хмельницька,269
2015-09-01,Хмельницька,266
2015-10-01,Хмельницька,446
2015-11-01,Хмельницька,357
2015-12-01,Хмельницька,351
2016-01-01,Хмельницька,216
2016-02-01,Хмельницька,291
2016-03-01,Хмельницька,323
2016-04-01,Хмельницька,340
2016-05-01,Хмельницька,178
2016-06-01,Хмельницька,244
2016-07-01,Хмельницька,300
2016-08-01,Хмельницька,329
2016-09-01,Хмельницька,402
2016-10-01,Хмельницька,393
2016-11-01,Хмельницька,459
2016-12-01,Хмельницька,473
2017-01-01,Хмельницька,306
2017-02-01,Хмельницька,355
2017-03-01,Хмельницька,543
2017-04-01,Хмельницька,506
2017-05-01,Хмельницька,604
2017-06-01,Хмельницька,619
2017-07-01,Хмельницька,653
2017-08-01,Хмельницька,658
2017-09-01,Хмельницька,675
2017-10-01,Хмельницька,547
2017-11-01,Хмельницька,606
2017-12-01,Хмельницька,623
2018-01-01,Хмельницька,460
2018-02-01,Хмельницька,517
2018-03-01,Хмельницька,640
2018-04-01,Хмельницька,739
2018-05-01,Хмельницька,822
2018-06-01,Хмельницька,905
2018-07-01,Хмельницька,851
2018-08-01,Хмельницька,868
2018-09-01,Хмельницька,566
2018-10-01,Хмельницька,665
2018-11-01,Хмельницька,633
2018-12-01,Хмельницька,822
2019-01-01,Хмельницька,2211
2019-02-01,Хмельницька,3669
2019-03-01,Хмельницька,2126
2019-04-01,Хмельницька,1119
2019-05-01,Хмельницька,1239
2013-01-01,Закарпатська,189
2013-02-01,Закарпатська,193
2013-03-01,Закарпатська,198
2013-04-01,Закарпатська,224
2013-05-01,Закарпатська,143
2013-06-01,Закарпатська,174
2013-07-01,Закарпатська,213
2013-08-01,Закарпатська,353
2013-09-01,Закарпатська,101
2013-10-01,Закарпатська,87
2013-11-01,Закарпатська,136
2013-12-01,Закарпатська,133
2014-01-01,Закарпатська,95
2014-02-01,Закарпатська,116
2014-03-01,Закарпатська,75
2014-04-01,Закарпатська,67
2014-05-01,Закарпатська,98
2014-06-01,Закарпатська,382
2014-07-01,Закарпатська,543
2014-08-01,Закарпатська,483
2014-09-01,Закарпатська,484
2014-10-01,Закарпатська,481
2014-11-01,Закарпатська,477
2014-12-01,Закарпатська,598
2015-01-01,Закарпатська,224
2015-02-01,Закарпатська,218
2015-03-01,Закарпатська,158
2015-04-01,Закарпатська,249
2015-05-01,Закарпатська,250
2015-06-01,Закарпатська,248
2015-07-01,Закарпатська,322
2015-08-01,Закарпатська,210
2015-09-01,Закарпатська,283
2015-10-01,Закарпатська,322
2015-11-01,Закарпатська,227
2015-12-01,Закарпатська,318
2016-01-01,Закарпатська,172
2016-02-01,Закарпатська,254
2016-03-01,Закарпатська,272
2016-04-01,Закарпатська,239
2016-05-01,Закарпатська,192
2016-06-01,Закарпатська,256
2016-07-01,Закарпатська,266
2016-08-01,Закарпатська,328
2016-09-01,Закарпатська,396
2016-10-01,Закарпатська,504
2016-11-01,Закарпатська,429
2016-12-01,Закарпатська,475
2017-01-01,Закарпатська,302
2017-02-01,Закарпатська,431
2017-03-01,Закарпатська,532
2017-04-01,Закарпатська,461
2017-05-01,Закарпатська,531
2017-06-01,Закарпатська,541
2017-07-01,Закарпатська,579
2017-08-01,Закарпатська,599
2017-09-01,Закарпатська,590
2017-10-01,Закарпатська,725
2017-11-01,Закарпатська,587
2017-12-01,Закарпатська,587
2018-01-01,Закарпатська,506
2018-02-01,Закарпатська,556
2018-03-01,Закарпатська,629
2018-04-01,Закарпатська,478
2018-05-01,Закарпатська,596
2018-06-01,Закарпатська,642
2018-07-01,Закарпатська,717
2018-08-01,Закарпатська,836
2018-09-01,Закарпатська,631
2018-10-01,Закарпатська,696
2018-11-01,Закарпатська,535
2018-12-01,Закарпатська,1338
2019-01-01,Закарпатська,2840
2019-02-01,Закарпатська,4714
2019-03-01,Закарпатська,3985
2019-04-01,Закарпатська,1549
2019-05-01,Закарпатська,1337
2013-01-01,Запорізька,512
2013-02-01,Запорізька,625
2013-03-01,Запорізька,984
2013-04-01,Запорізька,1448
2013-05-01,Запорізька,898
2013-06-01,Запорізька,886
2013-07-01,Запорізька,1123
2013-08-01,Запорізька,1520
2013-09-01,Запорізька,761
2013-10-01,Запорізька,753
2013-11-01,Запорізька,730
2013-12-01,Запорізька,791
2014-01-01,Запорізька,464
2014-02-01,Запорізька,615
2014-03-01,Запорізька,613
2014-04-01,Запорізька,348
2014-05-01,Запорізька,162
2014-06-01,Запорізька,301
2014-07-01,Запорізька,774
2014-08-01,Запорізька,692
2014-09-01,Запорізька,487
2014-10-01,Запорізька,499
2014-11-01,Запорізька,423
2014-12-01,Запорізька,465
2015-01-01,Запорізька,235
2015-02-01,Запорізька,224
2015-03-01,Запорізька,159
2015-04-01,Запорізька,261
2015-05-01,Запорізька,212
2015-06-01,Запорізька,273
2015-07-01,Запорізька,353
2015-08-01,Запорізька,206
2015-09-01,Запорізька,316
2015-10-01,Запорізька,454
2015-11-01,Запорізька,390
2015-12-01,Запорізька,259
2016-01-01,Запорізька,202
2016-02-01,Запорізька,357
2016-03-01,Запорізька,322
2016-04-01,Запорізька,372
2016-05-01,Запорізька,240
2016-06-01,Запорізька,324
2016-07-01,Запорізька,370
2016-08-01,Запорізька,364
2016-09-01,Запорізька,405
2016-10-01,Запорізька,394
2016-11-01,Запорізька,474
2016-12-01,Запорізька,461
2017-01-01,Запорізька,326
2017-02-01,Запорізька,356
2017-03-01,Запорізька,553
2017-04-01,Запорізька,477
2017-05-01,Запорізька,582
2017-06-01,Запорізька,562
2017-07-01,Запорізька,501
2017-08-01,Запорізька,591
2017-09-01,Запорізька,616
2017-10-01,Запорізька,578
2017-11-01,Запорізька,555
2017-12-01,Запорізька,638
2018-01-01,Запорізька,437
2018-02-01,Запорізька,455
2018-03-01,Запорізька,492
2018-04-01,Запорізька,627
2018-05-01,Запорізька,631
2018-06-01,Запорізька,663
2018-07-01,Запорізька,652
2018-08-01,Запорізька,645
2018-09-01,Запорізька,383
2018-10-01,Запорізька,400
2018-11-01,Запорізька,359
2018-12-01,Запорізька,476
2019-01-01,Запорізька,795
2019-02-01,Запорізька,1256
2019-03-01,Запорізька,1351
2019-04-01,Запорізька,597
2019-05-01,Запорізька,744
2013-01-01,Черкаська,388
2013-02-01,Черкаська,463
2013-03-01,Черкаська,687
2013-04-01,Черкаська,1118
2013-05-01,Черкаська,701
2013-06-01,Черкаська,818
2013-07-01,Черкаська,1028
2013-08-01,Черкаська,1505
2013-09-01,Черкаська,442
2013-10-01,Черкаська,421
2013-11-01,Черкаська,482
2013-12-01,Черкаська,566
2014-01-01,Черкаська,441
2014-02-01,Черкаська,418
2014-03-01,Черкаська,470
2014-04-01,Черкаська,269
2014-05-01,Черкаська,186
2014-06-01,Черкаська,455
2014-07-01,Черкаська,591
2014-08-01,Черкаська,485
2014-09-01,Черкаська,369
2014-10-01,Черкаська,527
2014-11-01,Черкаська,466
2014-12-01,Черкаська,568
2015-01-01,Черкаська,190
2015-02-01,Черкаська,191
2015-03-01,Черкаська,208
2015-04-01,Черкаська,219
2015-05-01,Черкаська,338
2015-06-01,Черкаська,248
2015-07-01,Черкаська,323
2015-08-01,Черкаська,250
2015-09-01,Черкаська,258
2015-10-01,Черкаська,309
2015-11-01,Черкаська,258
2015-12-01,Черкаська,221
2016-01-01,Черкаська,168
2016-02-01,Черкаська,199
2016-03-01,Черкаська,259
2016-04-01,Черкаська,271
2016-05-01,Черкаська,189
2016-06-01,Черкаська,227
2016-07-01,Черкаська,230
2016-08-01,Черкаська,261
2016-09-01,Черкаська,344
2016-10-01,Черкаська,387
2016-11-01,Черкаська,411
2016-12-01,Черкаська,425
2017-01-01,Черкаська,241
2017-02-01,Черкаська,296
2017-03-01,Черкаська,511
2017-04-01,Черкаська,469
2017-05-01,Черкаська,534
2017-06-01,Черкаська,545
2017-07-01,Черкаська,515
2017-08-01,Черкаська,465
2017-09-01,Черкаська,541
2017-10-01,Черкаська,426
2017-11-01,Черкаська,444
2017-12-01,Черкаська,461
2018-01-01,Черкаська,394
2018-02-01,Черкаська,347
2018-03-01,Черкаська,405
2018-04-01,Черкаська,532
2018-05-01,Черкаська,644
2018-06-01,Черкаська,628
2018-07-01,Черкаська,674
2018-08-01,Черкаська,606
2018-09-01,Черкаська,406
2018-10-01,Черкаська,403
2018-11-01,Черкаська,369
2018-12-01,Черкаська,524
2019-01-01,Черкаська,1246
2019-02-01,Черкаська,2015
2019-03-01,Черкаська,1534
2019-04-01,Черкаська,827
2019-05-01,Черкаська,900
2013-01-01,Миколаївська,347
2013-02-01,Миколаївська,417
2013-03-01,Миколаївська,780
2013-04-01,Миколаївська,922
2013-05-01,Миколаївська,516
2013-06-01,Миколаївська,743
2013-07-01,Миколаївська,723
2013-08-01,Миколаївська,1012
2013-09-01,Миколаївська,512
2013-10-01,Миколаївська,490
2013-11-01,Миколаївська,495
2013-12-01,Миколаївська,562
2014-01-01,Миколаївська,246
2014-02-01,Миколаївська,423
2014-03-01,Миколаївська,369
2014-04-01,Миколаївська,349
2014-05-01,Миколаївська,83
2014-06-01,Миколаївська,291
2014-07-01,Миколаївська,612
2014-08-01,Миколаївська,420
2014-09-01,Миколаївська,372
2014-10-01,Миколаївська,386
2014-11-01,Миколаївська,346
2014-12-01,Миколаївська,388
2015-01-01,Миколаївська,213
2015-02-01,Миколаївська,215
2015-03-01,Миколаївська,199
2015-04-01,Миколаївська,188
2015-05-01,Миколаївська,236
2015-06-01,Миколаївська,217
2015-07-01,Миколаївська,280
2015-08-01,Миколаївська,199
2015-09-01,Миколаївська,249
2015-10-01,Миколаївська,323
2015-11-01,Миколаївська,286
2015-12-01,Миколаївська,230
2016-01-01,Миколаївська,154
2016-02-01,Миколаївська,295
2016-03-01,Миколаївська,343
2016-04-01,Миколаївська,381
2016-05-01,Миколаївська,180
2016-06-01,Миколаївська,237
2016-07-01,Миколаївська,343
2016-08-01,Миколаївська,311
2016-09-01,Миколаївська,300
2016-10-01,Миколаївська,337
2016-11-01,Миколаївська,437
2016-12-01,Миколаївська,485
2017-01-01,Миколаївська,300
2017-02-01,Миколаївська,331
2017-03-01,Миколаївська,515
2017-04-01,Миколаївська,448
2017-05-01,Миколаївська,458
2017-06-01,Миколаївська,509
2017-07-01,Миколаївська,460
2017-08-01,Миколаївська,462
2017-09-01,Миколаївська,482
2017-10-01,Миколаївська,510
2017-11-01,Миколаївська,513
2017-12-01,Миколаївська,464
2018-01-01,Миколаївська,330
2018-02-01,Миколаївська,308
2018-03-01,Миколаївська,359
2018-04-01,Миколаївська,383
2018-05-01,Миколаївська,448
2018-06-01,Миколаївська,432
2018-07-01,Миколаївська,491
2018-08-01,Миколаївська,537
2018-09-01,Миколаївська,299
2018-10-01,Миколаївська,344
2018-11-01,Миколаївська,367
2018-12-01,Миколаївська,361
2019-01-01,Миколаївська,658
2019-02-01,Миколаївська,1239
2019-03-01,Миколаївська,1003
2019-04-01,Миколаївська,497
2019-05-01,Миколаївська,551
2013-01-01,Сумська,339
2013-02-01,Сумська,293
2013-03-01,Сумська,541
2013-04-01,Сумська,775
2013-05-01,Сумська,601
2013-06-01,Сумська,683
2013-07-01,Сумська,797
2013-08-01,Сумська,934
2013-09-01,Сумська,375
2013-10-01,Сумська,356
2013-11-01,Сумська,336
2013-12-01,Сумська,353
2014-01-01,Сумська,242
2014-02-01,Сумська,261
2014-03-01,Сумська,335
2014-04-01,Сумська,263
2014-05-01,Сумська,119
2014-06-01,Сумська,222
2014-07-01,Сумська,494
2014-08-01,Сумська,551
2014-09-01,Сумська,317
2014-10-01,Сумська,374
2014-11-01,Сумська,389
2014-12-01,Сумська,331
2015-01-01,Сумська,130
2015-02-01,Сумська,136
2015-03-01,Сумська,206
2015-04-01,Сумська,159
2015-05-01,Сумська,155
2015-06-01,Сумська,133
2015-07-01,Сумська,216
2015-08-01,Сумська,209
2015-09-01,Сумська,258
2015-10-01,Сумська,273
2015-11-01,Сумська,189
2015-12-01,Сумська,224
2016-01-01,Сумська,133
2016-02-01,Сумська,187
2016-03-01,Сумська,307
2016-04-01,Сумська,280
2016-05-01,Сумська,224
2016-06-01,Сумська,189
2016-07-01,Сумська,287
2016-08-01,Сумська,308
2016-09-01,Сумська,382
2016-10-01,Сумська,330
2016-11-01,Сумська,364
2016-12-01,Сумська,326
2017-01-01,Сумська,218
2017-02-01,Сумська,268
2017-03-01,Сумська,456
2017-04-01,Сумська,411
2017-05-01,Сумська,539
2017-06-01,Сумська,556
2017-07-01,Сумська,466
2017-08-01,Сумська,467
2017-09-01,Сумська,583
2017-10-01,Сумська,477
2017-11-01,Сумська,472
2017-12-01,Сумська,410
2018-01-01,Сумська,315
2018-02-01,Сумська,317
2018-03-01,Сумська,351
2018-04-01,Сумська,620
2018-05-01,Сумська,666
2018-06-01,Сумська,776
2018-07-01,Сумська,707
2018-08-01,Сумська,705
2018-09-01,Сумська,383
2018-10-01,Сумська,373
2018-11-01,Сумська,401
2018-12-01,Сумська,448
2019-01-01,Сумська,739
2019-02-01,Сумська,1156
2019-03-01,Сумська,1016
2019-04-01,Сумська,654
2019-05-01,Сумська,795
2013-01-01,Кіровоградська,268
2013-02-01,Кіровоградська,370
2013-03-01,Кіровоградська,526
2013-04-01,Кіровоградська,712
2013-05-01,Кіровоградська,429
2013-06-01,Кіровоградська,458
2013-07-01,Кіровоградська,507
2013-08-01,Кіровоградська,744
2013-09-01,Кіровоградська,439
2013-10-01,Кіровоградська,399
2013-11-01,Кіровоградська,403
2013-12-01,Кіровоградська,450
2014-01-01,Кіровоградська,233
2014-02-01,Кіровоградська,311
2014-03-01,Кіровоградська,418
2014-04-01,Кіровоградська,389
2014-05-01,Кіровоградська,143
2014-06-01,Кіровоградська,226
2014-07-01,Кіровоградська,369
2014-08-01,Кіровоградська,457
2014-09-01,Кіровоградська,372
2014-10-01,Кіровоградська,398
2014-11-01,Кіровоградська,384
2014-12-01,Кіровоградська,369
2015-01-01,Кіровоградська,158
2015-02-01,Кіровоградська,190
2015-03-01,Кіровоградська,190
2015-04-01,Кіровоградська,152
2015-05-01,Кіровоградська,160
2015-06-01,Кіровоградська,165
2015-07-01,Кіровоградська,223
2015-08-01,Кіровоградська,157
2015-09-01,Кіровоградська,195
2015-10-01,Кіровоградська,264
2015-11-01,Кіровоградська,209
2015-12-01,Кіровоградська,202
2016-01-01,Кіровоградська,86
2016-02-01,Кіровоградська,141
2016-03-01,Кіровоградська,246
2016-04-01,Кіровоградська,224
2016-05-01,Кіровоградська,187
2016-06-01,Кіровоградська,170
2016-07-01,Кіровоградська,224
2016-08-01,Кіровоградська,228
2016-09-01,Кіровоградська,310
2016-10-01,Кіровоградська,296
2016-11-01,Кіровоградська,394
2016-12-01,Кіровоградська,358
2017-01-01,Кіровоградська,181
2017-02-01,Кіровоградська,230
2017-03-01,Кіровоградська,367
2017-04-01,Кіровоградська,408
2017-05-01,Кіровоградська,421
2017-06-01,Кіровоградська,394
2017-07-01,Кіровоградська,431
2017-08-01,Кіровоградська,396
2017-09-01,Кіровоградська,451
2017-10-01,Кіровоградська,400
2017-11-01,Кіровоградська,549
2017-12-01,Кіровоградська,448
2018-01-01,Кіровоградська,280
2018-02-01,Кіровоградська,315
2018-03-01,Кіровоградська,364
2018-04-01,Кіровоградська,394
2018-05-01,Кіровоградська,475
2018-06-01,Кіровоградська,431
2018-07-01,Кіровоградська,447
2018-08-01,Кіровоградська,411
2018-09-01,Кіровоградська,273
2018-10-01,Кіровоградська,294
2018-11-01,Кіровоградська,303
2018-12-01,Кіровоградська,325
2019-01-01,Кіровоградська,601
2019-02-01,Кіровоградська,1113
2019-03-01,Кіровоградська,809
2019-04-01,Кіровоградська,493
2019-05-01,Кіровоградська,490
2013-01-01,Херсонська,167
2013-02-01,Херсонська,192
2013-03-01,Херсонська,328
2013-04-01,Херсонська,468
2013-05-01,Херсонська,355
2013-06-01,Херсонська,512
2013-07-01,Херсонська,734
2013-08-01,Херсонська,966
2013-09-01,Херсонська,413
2013-10-01,Херсонська,439
2013-11-01,Херсонська,403
2013-12-01,Херсонська,393
2014-01-01,Херсонська,237
2014-02-01,Херсонська,323
2014-03-01,Херсонська,271
2014-04-01,Херсонська,281
2014-05-01,Херсонська,207
2014-06-01,Херсонська,212
2014-07-01,Херсонська,483
2014-08-01,Херсонська,441
2014-09-01,Херсонська,380
2014-10-01,Херсонська,287
2014-11-01,Херсонська,384
2014-12-01,Херсонська,261
2015-01-01,Херсонська,103
2015-02-01,Херсонська,141
2015-03-01,Херсонська,132
2015-04-01,Херсонська,193
2015-05-01,Херсонська,193
2015-06-01,Херсонська,216
2015-07-01,Херсонська,297
2015-08-01,Херсонська,171
2015-09-01,Херсонська,284
2015-10-01,Херсонська,280
2015-11-01,Херсонська,219
2015-12-01,Херсонська,265
2016-01-01,Херсонська,97
2016-02-01,Херсонська,213
2016-03-01,Херсонська,223
2016-04-01,Херсонська,244
2016-05-01,Херсонська,144
2016-06-01,Херсонська,190
2016-07-01,Херсонська,274
2016-08-01,Херсонська,252
2016-09-01,Херсонська,337
2016-10-01,Херсонська,319
2016-11-01,Херсонська,386
2016-12-01,Херсонська,339
2017-01-01,Херсонська,179
2017-02-01,Херсонська,274
2017-03-01,Херсонська,402
2017-04-01,Херсонська,398
2017-05-01,Херсонська,437
2017-06-01,Херсонська,550
2017-07-01,Херсонська,473
2017-08-01,Херсонська,476
2017-09-01,Херсонська,427
2017-10-01,Херсонська,456
2017-11-01,Херсонська,384
2017-12-01,Херсонська,401
2018-01-01,Херсонська,281
2018-02-01,Херсонська,309
2018-03-01,Херсонська,337
2018-04-01,Херсонська,353
2018-05-01,Херсонська,399
2018-06-01,Херсонська,399
2018-07-01,Херсонська,464
2018-08-01,Херсонська,507
2018-09-01,Херсонська,250
2018-10-01,Херсонська,284
2018-11-01,Херсонська,234
2018-12-01,Херсонська,255
2019-01-01,Херсонська,517
2019-02-01,Херсонська,898
2019-03-01,Херсонська,772
2019-04-01,Херсонська,463
2019-05-01,Херсонська,472
2013-01-01,Чернігівська,304
2013-02-01,Чернігівська,338
2013-03-01,Чернігівська,430
2013-04-01,Чернігівська,612
2013-05-01,Чернігівська,436
2013-06-01,Чернігівська,565
2013-07-01,Чернігівська,543
2013-08-01,Чернігівська,835
2013-09-01,Чернігівська,297
2013-10-01,Чернігівська,314
2013-11-01,Чернігівська,258
2013-12-01,Чернігівська,268
2014-01-01,Чернігівська,180
2014-02-01,Чернігівська,244
2014-03-01,Чернігівська,195
2014-04-01,Чернігівська,139
2014-05-01,Чернігівська,95
2014-06-01,Чернігівська,267
2014-07-01,Чернігівська,467
2014-08-01,Чернігівська,366
2014-09-01,Чернігівська,213
2014-10-01,Чернігівська,316
2014-11-01,Чернігівська,323
2014-12-01,Чернігівська,289
2015-01-01,Чернігівська,149
2015-02-01,Чернігівська,132
2015-03-01,Чернігівська,138
2015-04-01,Чернігівська,158
2015-05-01,Чернігівська,189
2015-06-01,Чернігівська,171
2015-07-01,Чернігівська,171
2015-08-01,Чернігівська,110
2015-09-01,Чернігівська,170
2015-10-01,Чернігівська,172
2015-11-01,Чернігівська,173
2015-12-01,Чернігівська,162
2016-01-01,Чернігівська,132
2016-02-01,Чернігівська,128
2016-03-01,Чернігівська,176
2016-04-01,Чернігівська,189
2016-05-01,Чернігівська,137
2016-06-01,Чернігівська,168
2016-07-01,Чернігівська,192
2016-08-01,Чернігівська,212
2016-09-01,Чернігівська,229
2016-10-01,Чернігівська,231
2016-11-01,Чернігівська,264
2016-12-01,Чернігівська,254
2017-01-01,Чернігівська,198
2017-02-01,Чернігівська,236
2017-03-01,Чернігівська,377
2017-04-01,Чернігівська,330
2017-05-01,Чернігівська,391
2017-06-01,Чернігівська,347
2017-07-01,Чернігівська,421
2017-08-01,Чернігівська,381
2017-09-01,Чернігівська,396
2017-10-01,Чернігівська,381
2017-11-01,Чернігівська,332
2017-12-01,Чернігівська,313
2018-01-01,Чернігівська,245
2018-02-01,Чернігівська,250
2018-03-01,Чернігівська,344
2018-04-01,Чернігівська,423
2018-05-01,Чернігівська,523
2018-06-01,Чернігівська,534
2018-07-01,Чернігівська,628
2018-08-01,Чернігівська,560
2018-09-01,Чернігівська,258
2018-10-01,Чернігівська,289
2018-11-01,Чернігівська,254
2018-12-01,Чернігівська,500
2019-01-01,Чернігівська,893
2019-02-01,Чернігівська,1278
2019-03-01,Чернігівська,994
2019-04-01,Чернігівська,631
2019-05-01,Чернігівська,625
2013-01-01,Луганська,640
2013-02-01,Луганська,679
2013-03-01,Луганська,1260
2013-04-01,Луганська,1777
2013-05-01,Луганська,1061
2013-06-01,Луганська,1230
2013-07-01,Луганська,1240
2013-08-01,Луганська,1668
2013-09-01,Луганська,751
2013-10-01,Луганська,840
2013-11-01,Луганська,767
2013-12-01,Луганська,747
2014-01-01,Луганська,501
2014-02-01,Луганська,725
2014-03-01,Луганська,730
2014-04-01,Луганська,497
2014-05-01,Луганська,84
2014-06-01,Луганська,278
2014-07-01,Луганська,152
2014-08-01,Луганська,97
2014-09-01,Луганська,153
2014-10-01,Луганська,206
2014-11-01,Луганська,200
2014-12-01,Луганська,189
2015-01-01,Луганська,87
2015-02-01,Луганська,85
2015-03-01,Луганська,106
2015-04-01,Луганська,111
2015-05-01,Луганська,143
2015-06-01,Луганська,139
2015-07-01,Луганська,171
2015-08-01,Луганська,119
2015-09-01,Луганська,111
2015-10-01,Луганська,155
2015-11-01,Луганська,123
2015-12-01,Луганська,118
2016-01-01,Луганська,68
2016-02-01,Луганська,99
2016-03-01,Луганська,101
2016-04-01,Луганська,132
2016-05-01,Луганська,80
2016-06-01,Луганська,87
2016-07-01,Луганська,103
2016-08-01,Луганська,105
2016-09-01,Луганська,144
2016-10-01,Луганська,155
2016-11-01,Луганська,136
2016-12-01,Луганська,157
2017-01-01,Луганська,110
2017-02-01,Луганська,122
2017-03-01,Луганська,156
2017-04-01,Луганська,202
2017-05-01,Луганська,250
2017-06-01,Луганська,242
2017-07-01,Луганська,224
2017-08-01,Луганська,194
2017-09-01,Луганська,174
2017-10-01,Луганська,195
2017-11-01,Луганська,180
2017-12-01,Луганська,191
2018-01-01,Луганська,147
2018-02-01,Луганська,126
2018-03-01,Луганська,153
2018-04-01,Луганська,221
2018-05-01,Луганська,260
2018-06-01,Луганська,261
2018-07-01,Луганська,234
2018-08-01,Луганська,239
2018-09-01,Луганська,119
2018-10-01,Луганська,119
2018-11-01,Луганська,104
2018-12-01,Луганська,113
2019-01-01,Луганська,191
2019-02-01,Луганська,349
2019-03-01,Луганська,289
2019-04-01,Луганська,240
2019-05-01,Луганська,241
2013-01-01,АР Крим,530
2013-02-01,АР Крим,578
2013-03-01,АР Крим,847
2013-04-01,АР Крим,1011
2013-05-01,АР Крим,802
2013-06-01,АР Крим,855
2013-07-01,АР Крим,943
2013-08-01,АР Крим,1343
2013-09-01,АР Крим,673
2013-10-01,АР Крим,631
2013-11-01,АР Крим,611
2013-12-01,АР Крим,507
2014-01-01,АР Крим,373
2014-02-01,АР Крим,379
2014-03-01,АР Крим,301
2014-04-01,АР Крим,53
2014-05-01,АР Крим,22
2014-06-01,АР Крим,25
2014-07-01,АР Крим,60
2014-08-01,АР Крим,49
2014-09-01,АР Крим,60
2014-10-01,АР Крим,60
2014-11-01,АР Крим,68
2014-12-01,АР Крим,55
2015-01-01,АР Крим,11
2015-02-01,АР Крим,15
2015-03-01,АР Крим,18
2015-04-01,АР Крим,26
2015-05-01,АР Крим,15
2015-06-01,АР Крим,16
2015-07-01,АР Крим,34
2015-08-01,АР Крим,16
2015-09-01,АР Крим,19
2015-10-01,АР Крим,14
2015-11-01,АР Крим,5
2015-12-01,АР Крим,8
2016-01-01,АР Крим,2
2016-02-01,АР Крим,6
2016-03-01,АР Крим,7
2016-04-01,АР Крим,5
2016-05-01,АР Крим,2
2016-06-01,АР Крим,4
2016-07-01,АР Крим,1
2016-08-01,АР Крим,4
2016-09-01,АР Крим,7
2016-10-01,АР Крим,1
2016-11-01,АР Крим,3
2016-12-01,АР Крим,1
2017-01-01,АР Крим,3
2017-02-01,АР Крим,1
2017-03-01,АР Крим,7
2017-04-01,АР Крим,2
2017-05-01,АР Крим,3
2017-06-01,АР Крим,4
2017-07-01,АР Крим,0
2017-08-01,АР Крим,2
2017-09-01,АР Крим,5
2017-10-01,АР Крим,5
2017-11-01,АР Крим,3
2017-12-01,АР Крим,8
2018-01-01,АР Крим,3
2018-02-01,АР Крим,5
2018-03-01,АР Крим,3
2018-04-01,АР Крим,1
2018-05-01,АР Крим,5
2018-06-01,АР Крим,7
2018-07-01,АР Крим,3
2018-08-01,АР Крим,6
2018-09-01,АР Крим,1
2018-10-01,АР Крим,1
2018-11-01,АР Крим,1
2018-12-01,АР Крим,8
2019-01-01,АР Крим,8
2019-02-01,АР Крим,25
2019-03-01,АР Крим,9
2019-04-01,АР Крим,6
2019-05-01,АР Крим,5
2013-01-01,Севастополь,175
2013-02-01,Севастополь,193
2013-03-01,Севастополь,329
2013-04-01,Севастополь,434
2013-05-01,Севастополь,270
2013-06-01,Севастополь,250
2013-07-01,Севастополь,348
2013-08-01,Севастополь,447
2013-09-01,Севастополь,213
2013-10-01,Севастополь,279
2013-11-01,Севастополь,254
2013-12-01,Севастополь,240
2014-01-01,Севастополь,228
2014-02-01,Севастополь,217
2014-03-01,Севастополь,122
2014-04-01,Севастополь,41
2014-05-01,Севастополь,11
2014-06-01,Севастополь,8
2014-07-01,Севастополь,10
2014-08-01,Севастополь,10
2014-09-01,Севастополь,6
2014-10-01,Севастополь,7
2014-11-01,Севастополь,9
2014-12-01,Севастополь,12
2015-01-01,Севастополь,2
2015-02-01,Севастополь,5
2015-03-01,Севастополь,0
2015-04-01,Севастополь,1
2015-05-01,Севастополь,5
2015-06-01,Севастополь,5
2015-07-01,Севастополь,2
2015-08-01,Севастополь,4
2015-09-01,Севастополь,4
2015-10-01,Севастополь,0
2015-11-01,Севастополь,0
2015-12-01,Севастополь,0
2016-01-01,Севастополь,0
2016-02-01,Севастополь,0
2016-03-01,Севастополь,0
2016-04-01,Севастополь,0
2016-05-01,Севастополь,2
2016-06-01,Севастополь,1
2016-07-01,Севастополь,1
2016-08-01,Севастополь,2
2016-09-01,Севастополь,1
2016-10-01,Севастополь,0
2016-11-01,Севастополь,0
2016-12-01,Севастополь,4
2017-01-01,Севастополь,1
2017-02-01,Севастополь,1
2017-03-01,Севастополь,2
2017-04-01,Севастополь,1
2017-05-01,Севастополь,0
2017-06-01,Севастополь,0
2017-07-01,Севастополь,0
2017-08-01,Севастополь,0
2017-09-01,Севастополь,2
2017-10-01,Севастополь,1
2017-11-01,Севастополь,2
2017-12-01,Севастополь,1
2018-01-01,Севастополь,0
2018-02-01,Севастополь,0
2018-03-01,Севастополь,1
2018-04-01,Севастополь,2
2018-05-01,Севастополь,2
2018-06-01,Севастополь,0
2018-07-01,Севастополь,1
2018-08-01,Севастополь,1
2018-09-01,Севастополь,2
2018-10-01,Севастополь,1
2018-11-01,Севастополь,0
2018-12-01,Севастополь,1
2019-01-01,Севастополь,2
2019-02-01,Севастополь,8
2019-03-01,Севастополь,4
2019-04-01,Севастополь,4
2019-05-01,Севастополь,5